Workbook

Sheet 表紙 
L2: 作成日 | O2: =変更履歴!C4 -> 45968
L3: 作成者 | O3: =変更履歴!D4 -> 郭 天心
L4: 最新更新日 | O4: {=LOOKUP(2,1/(変更履歴!C:C<>""),変更履歴!C:C)} -> 45975
L5: 最新更新者 | O5: {=LOOKUP(2,1/(変更履歴!D:D<>""),変更履歴!D:D)} -> 郭 天心
L6: 最新Ver. | O6: {=LOOKUP(2,1/(変更履歴!B:B<>""),変更履歴!B:B)} -> Ver2.0
A9: PowerBI接続手順
B19: Index
C21: 1 | D21: ='01_【開発環境接続（PowerBI接続）】フロー'!A3 -> 01_【開発環境接続（PowerBI接続）】フロー
C22: 2 | D22: ='02_手順'!A3 -> 02_手順
C23: =IF(D23="","",C22+1)
C24: =IF(D24="","",C23+1)
C25: =IF(D25="","",C24+1)
C26: =IF(D26="","",C25+1)
C27: =IF(D27="","",C26+1)
C28: =IF(D28="","",C27+1)
C29: =IF(D29="","",C28+1)
C30: =IF(D30="","",C29+1)
C31: =IF(D31="","",C30+1)
C32: =IF(D32="","",C31+1)
C33: =IF(D33="","",C32+1)
C34: =IF(D34="","",C33+1)

Sheet 変更履歴
B2: ＜ 変更履歴 ＞
B3: バージョン | C3: 変更日 | D3: 変更者 | E3: 変更シート | F3: 変更内容 | G3: 備考
B4: Ver1.0 | C4: 45968 | D4: 郭 天心 | E4: 01_フロー | F4: 新規
B5: Ver1.0 | C5: 45968 | D5: 郭 天心 | E5: 02_手順 | F5: 新規
B6: Ver2.0 | C6: 45974 | D6: 郭 天心 | E6: 01_フロー | F6: 対応フローの改修
B7: Ver2.0 | C7: 45975 | D7: 郭 天心 | E7: 02_手順 | F7: 詳細手順の改修

Sheet 00_リスト
B4: 対象／実施者ロール／承認要否／監査ログ
C7: 有無 | D7: 備考
B8: 実施対象者(役割) | D8: Power BI 作成者
B9: 申請・承認必要有無 | C9: 無 | D9: 個人ローカル環境での接続設定作業であり、共有リソースへの影響がないため
B10: 作業ログ・証跡有無 | C10: 無 | D10: Power BI Desktop 上のローカル作業のため、操作ログ・証跡は取得されない
B11: 失敗・誤設定時の影響範囲 | D11: 作業者本人のレポート更新やデータ取得が失敗する可能性があるが、他ユーザーや共有データへの影響はない
B12: ロールバック方法 | D12: 接続設定変更前の情報を控え、問題発生時は元の接続設定に戻す

Sheet 01_【開発環境接続（PowerBI接続）】フロー
A1: 1
A3: {=MID(CELL("filename",A1),FIND("]",CELL("filename",A1))+1,50)} -> 01_【開発環境接続（PowerBI接続）】フロー
A7: 前提
B8: 開発環境への接続に使用するアカウント情報が準備されていること。
B9: Power BI Desktop がインストール済みで、開発用レポートの編集・発行権限を有していること。
B10: この手順書の前に VWH への接続が完了していること（詳細は【VWH切替設定 手順書.xlsx】を参照）
B11: ※URL： | E11: https://tatgroup.sharepoint.com/:x:/s/TEC_254/IQCrU2uSmULPTI6HJEFBwZT3AasqYDoUqxCXPkKvcmzfgLc?e=Ose9Kr
A15: 対応フロー
C18: フロー

Sheet 02_手順
A3: {=MID(CELL("filename",A1),FIND("]",CELL("filename",A1))+1,10)} -> 02_手順
A7: 前提
B8: 開発環境への接続に使用するアカウント情報が準備されていること。
B9: Power BI Desktop がインストール済みで、開発用レポートの編集・発行権限を有していること。
B10: この手順書の前に VWH への接続が完了していること（詳細は【VWH切替設定 手順書.xlsx】を参照）
B11: ※URL： | E11: https://tatgroup.sharepoint.com/:x:/s/TEC_254/IQCrU2uSmULPTI6HJEFBwZT3AasqYDoUqxCXPkKvcmzfgLc?e=Ose9Kr
A15: 手順一覧
B17: No | D17: 手順 | M17: 概要
B18: 1 | D18: 開発環境接続 | M18: Power BI からデータベースに接続して開発を行うための手順を示します。
A23: 詳細手順
B26: 1) 開発環境接続
C28: No | F28: 手順 | S28: 詳細 | CA28: 証跡
C29: 1 | F29: ・ 接続用スクリプトをダウンロードします。
F31: 以下の URL にアクセスし、接続先の環境に応じたスクリプトを選択してください。
F32: 環境は 開発（dev）／検証（ve）／本番（pr） の 3 種類に分かれています。
F34: TEC_U-SLIM（基盤検証） - ドキュメント - script - すべてのドキュメント
F36: ※上記の URL からバッチファイルを直接ダウンロードできます。
F37: ダウンロードできない場合は管理者に連絡してください
C64: 2 | F64: ・各環境の手順内容はほぼ同一のため、
F65: 本手順では本番環境（pr）を例に説明します。
C99: 3 | F99: ・ダウンロードしたフォルダーで、batファイルを実行:
G100: ファイル: ​bastion-pr-vwh-default.bat
C130: 4 | F130: ・Power BI で以下の手順を実行します
F131: 1 メニューの「データを取得」をクリックします。 | T131: ・
F132: 2 表示されたメニューの一番下にある「詳細」をクリックします。
F133: 3 「データを取得」画面で「Impala」を選択します。
F134: 4 右下の「接続」ボタンをクリックします。
C161: 5 | F161: 5 サーバーを入力して、「OK」ボタンをクリックします。
F162: 6 Impala の認証情報を入力して接続します。
F164: ※ Impala の認証情報をお持ちでない場合は、
F165: 担当者へ連絡して取得してください。
C187: 6 | F187: ・Impala への接続が完了すると、「ナビゲーター」画面が表示され、
F188: 接続先データベース内のテーブル一覧が表示できるようになります。
F189: 例：ai21rep_pr_kudu データベース配下の各テーブルが表示されます。

Sheet 03_別紙_セキュリティキー
A1: 1
A3: {=MID(CELL("filename",A1),FIND("]",CELL("filename",A1))+1,2)} -> 03 | D3: VWH切替&開発環境接続手順
A7: 前提
B8: 開発環境への接続に使用する認証スクリプトおよびアカウント情報が準備されていること
B9: Power BI Desktop がインストール済みで、開発用レポートの編集・発行権限を有していること。
B10: VWHに接続するための権限付与が済んでいること
E17: ODBC Driver設定内容：
E18: [Simba Impala ODBC Driver]
E19: # Oringinally PowerBI will use its embedded driver, we can change it to Cloudera version
E20: # Driver=Simba Impala ODBC Driver\ImpalaODBC_sb64.dll
E21: Driver=Cloudera ODBC Driver for Impala\lib\ClouderaImpalaODBC64.dll
E22: cloudera.impalaodbc.ini設定内容：
E23: [Driver]
E24: SSL=1
E25: TransportMode=http
E26: HTTPPath=cliservice
E27: AuthMech=3
E28: HTTPAuthCookies=impala.auth,JSESSIONID,KNOXSESSIONID,impala.session.id
... E33: サブスクリプション
E34: 1 | F34: 開発 | R34: dev-toyotecdap
E35: 2 | F35: 本番 | R35: toyotecdap
E36: 3 | F36: 検証 | R36: ve-toyotecdap
E37: Impaサーバー
E38: impala-proxy-toyotecdap-vwh-pr-default.dw-toyotecdap-env.kj09-szpi.cloudera.site:443
